{
    "name": "kattersstructures:desert_dungeon/decor",
    "fallback": "minecraft:empty",
    "elements": [{
        "weight": 1,
        "element": {
           "element_type": "minecraft:empty_pool_element"
        }
   },{
        "weight": 3,
        "element": {
            "element_type": "minecraft:single_pool_element",
            "projection": "rigid",
            "processors": "minecraft:empty",
            "location": "kattersstructures:desert_dungeon/decor/desert_dungeon_decor_01"
        }
    },{
        "weight": 3,
        "element": {
            "element_type": "minecraft:single_pool_element",
            "projection": "rigid",
            "processors": "minecraft:empty",
            "location": "kattersstructures:desert_dungeon/decor/desert_dungeon_decor_02"
        }
    },{
        "weight": 2,
        "element": {
            "element_type": "minecraft:single_pool_element",
            "projection": "rigid",
            "processors": "minecraft:empty",
            "location": "kattersstructures:desert_dungeon/decor/desert_dungeon_decor_03"
        }
    },{
        "weight": 2,
        "element": {
            "element_type": "minecraft:single_pool_element",
            "projection": "rigid",
            "processors": "minecraft:empty",
            "location": "kattersstructures:desert_dungeon/decor/desert_dungeon_decor_04"
        }
    },{
        "weight": 1,
        "element": {
            "element_type": "minecraft:single_pool_element",
            "projection": "rigid",
            "processors": "minecraft:empty",
            "location": "kattersstructures:desert_dungeon/decor/desert_dungeon_decor_05"
        }
    },{
        "weight": 1,
        "element": {
            "element_type": "minecraft:single_pool_element",
            "projection": "rigid",
            "processors": "minecraft:empty",
            "location": "kattersstructures:desert_dungeon/decor/desert_dungeon_decor_06"
        }
    },{
        "weight": 1,
        "element": {
            "element_type": "minecraft:single_pool_element",
            "projection": "rigid",
            "processors": "minecraft:empty",
            "location": "kattersstructures:desert_dungeon/decor/desert_dungeon_decor_07"
        }
    },{
        "weight": 1,
        "element": {
            "element_type": "minecraft:single_pool_element",
            "projection": "rigid",
            "processors": "minecraft:empty",
            "location": "kattersstructures:desert_dungeon/decor/desert_dungeon_decor_08"
        }
    },{
        "weight": 1,
        "element": {
            "element_type": "minecraft:single_pool_element",
            "projection": "rigid",
            "processors": "minecraft:empty",
            "location": "kattersstructures:desert_dungeon/decor/desert_dungeon_decor_09"
        }
    },{
        "weight": 1,
        "element": {
            "element_type": "minecraft:single_pool_element",
            "projection": "rigid",
            "processors": "minecraft:empty",
            "location": "kattersstructures:desert_dungeon/decor/desert_dungeon_decor_10"
        }
    },{
        "weight": 1,
        "element": {
            "element_type": "minecraft:single_pool_element",
            "projection": "rigid",
            "processors": "minecraft:empty",
            "location": "kattersstructures:desert_dungeon/decor/desert_dungeon_decor_11"
        }
    },{
        "weight": 1,
        "element": {
            "element_type": "minecraft:single_pool_element",
            "projection": "rigid",
            "processors": "minecraft:empty",
            "location": "kattersstructures:desert_dungeon/decor/desert_dungeon_decor_12"
        }
    },{
        "weight": 2,
        "element": {
            "element_type": "minecraft:single_pool_element",
            "projection": "rigid",
            "processors": "minecraft:empty",
            "location": "kattersstructures:desert_dungeon/decor/desert_dungeon_decor_13"
        }
    },{
        "weight": 2,
        "element": {
            "element_type": "minecraft:single_pool_element",
            "projection": "rigid",
            "processors": "minecraft:empty",
            "location": "kattersstructures:desert_dungeon/decor/desert_dungeon_decor_14"
        }
    },{
        "weight": 2,
        "element": {
            "element_type": "minecraft:single_pool_element",
            "projection": "rigid",
            "processors": "minecraft:empty",
            "location": "kattersstructures:desert_dungeon/decor/desert_dungeon_decor_15"
        }
    },{
        "weight": 2,
        "element": {
            "element_type": "minecraft:single_pool_element",
            "projection": "rigid",
            "processors": "minecraft:empty",
            "location": "kattersstructures:desert_dungeon/decor/desert_dungeon_decor_16"
        }
    },{
        "weight": 2,
        "element": {
            "element_type": "minecraft:single_pool_element",
            "projection": "rigid",
            "processors": "minecraft:empty",
            "location": "kattersstructures:desert_dungeon/decor/desert_dungeon_decor_17"
        }
    },{
        "weight": 2,
        "element": {
            "element_type": "minecraft:single_pool_element",
            "projection": "rigid",
            "processors": "minecraft:empty",
            "location": "kattersstructures:desert_dungeon/decor/desert_dungeon_decor_18"
        }
    },{
        "weight": 2,
        "element": {
            "element_type": "minecraft:single_pool_element",
            "projection": "rigid",
            "processors": "minecraft:empty",
            "location": "kattersstructures:desert_dungeon/decor/desert_dungeon_decor_19"
        }
    },{
        "weight": 2,
        "element": {
            "element_type": "minecraft:single_pool_element",
            "projection": "rigid",
            "processors": "minecraft:empty",
            "location": "kattersstructures:desert_dungeon/decor/desert_dungeon_decor_20"
        }
    }
]
}