{
    "pools": [
      {
        "rolls": 5,
        "bonus_rolls": 5,
        "entries": [
          {
            "type": "minecraft:item",
            "weight": 10,
            "name": "minecraft:emerald",
            "functions": [
              {
                "function": "minecraft:set_count",
                "count": {
                  "min": 1,
                  "max": 8
                }
              }
            ]
          },
          {
            "type": "minecraft:item",
            "weight": 5,
            "name": "minecraft:diamond",
            "functions": [
              {
                "function": "minecraft:set_count",
                "count": {
                  "min": 1,
                  "max": 2
                }
              }
            ]
          },
          {
            "type": "minecraft:item",
            "weight": 5,
            "name": "minecraft:campfire",
            "functions": [
              {
                "function": "minecraft:set_count",
                "count": 1
              }
            ]
          },
          {
            "type": "minecraft:item",
            "weight": 10,
            "name": "minecraft:cooked_cod",
            "functions": [
              {
                "function": "minecraft:set_count",
                "count": {
                  "min": 1,
                  "max": 6
                }
              }
            ]
          },
          {
            "type": "minecraft:item",
            "weight": 5,
            "name": "minecraft:cobweb",
            "functions": [
              {
                "function": "minecraft:set_count",
                "count": {
                  "min": 1,
                  "max": 4
                }
              }
            ]
          },
          {
            "type": "minecraft:item",
            "weight": 5,
            "name": "minecraft:lantern",
            "functions": [
              {
                "function": "minecraft:set_count",
                "count": {
                  "min": 1,
                  "max": 2
                }
              }
            ]
          },
          {
            "type": "minecraft:item",
            "weight": 5,
            "name": "minecraft:tropical_fish",
            "functions": [
              {
                "function": "minecraft:set_count",
                "count": {
                  "min": 1,
                  "max": 2
                }
              }
            ]
          },
          {
            "type": "minecraft:item",
            "weight": 2,
            "name": "minecraft:pufferfish",
            "functions": [
              {
                "function": "minecraft:set_count",
                "count": 1
              }
            ]
          },
          {
            "type": "minecraft:item",
            "weight": 2,
            "name": "minecraft:dried_kelp",
            "functions": [
              {
                "function": "minecraft:set_count",
                "count": {
                  "min": 1,
                  "max": 10
                }
              }
            ]
          },
          {
            "type": "minecraft:item",
            "weight": 1,
            "name": "minecraft:fishing_rod",
            "functions": [
              {
                "function": "minecraft:set_count",
                "count": 1
              },
              {
                "function": "minecraft:set_damage",
                "damage": {
                  "min": 0.5,
                  "max": 0.9
                }
              },
              {
                "function": "minecraft:set_enchantments",
                "enchantments": {
                  "minecraft:luck_of_the_sea": {
                    "min": 1,
                    "max": 2
                  }
                },
                "conditions": [
                  {
                    "condition": "minecraft:random_chance",
                    "chance": 0.5
                  }
                ]
              },
              {
                "function": "minecraft:set_enchantments",
                "enchantments": {
                  "minecraft:lure": {
                    "min": 1,
                    "max": 2
                  }
                },
                "conditions": [
                  {
                    "condition": "minecraft:random_chance",
                    "chance": 0.5
                  }
                ]
              },
              {
                "function": "minecraft:set_enchantments",
                "enchantments": {
                  "minecraft:unbreaking": {
                    "min": 1,
                    "max": 2
                  }
                },
                "conditions": [
                  {
                    "condition": "minecraft:random_chance",
                    "chance": 0.5
                  }
                ]
              },
              {
                "function": "minecraft:set_enchantments",
                "enchantments": {
                  "minecraft:mending": 1
                },
                "conditions": [
                  {
                    "condition": "minecraft:random_chance",
                    "chance": 0.2
                  }
                ]
              }
            ]
          },
          {
            "type": "minecraft:item",
            "weight": 1,
            "name": "minecraft:emerald_block",
            "functions": [
              {
                "function": "minecraft:set_count",
                "count": 1
              }
            ]
          }
        ]
      },
      {
        "rolls": {
          "min": 1,
          "max": 1
        },
        "entries": [
          {
            "type": "minecraft:loot_table",
            "value": "kattersstructures:automaticons/any_tier",
            "conditions": [
              {
                "condition": "minecraft:random_chance",
                "chance": 0.6
              },
              {
                "condition": "minecraft:entity_properties",
                "entity": "this",
                "predicate": {
                  "nbt": "{Tags:[\"automaticons\"]}"
                }
              }
            ]
          }
        ]
      }
    ]
  }
  