{
    "pools": [
      {
        "rolls": 1,
        "entries": [
          {
            "type": "minecraft:loot_table",
            "name": "kattersstructures:automaticons/dirt_automaticons"
          },
          {
            "type": "minecraft:loot_table",
            "name": "kattersstructures:automaticons/flower_automaticons"
          },
          {
            "type": "minecraft:loot_table",
            "name": "kattersstructures:automaticons/food_automaticons"
          },
          {
            "type": "minecraft:loot_table",
            "name": "kattersstructures:automaticons/misc_automaticons"
          },
          {
            "type": "minecraft:loot_table",
            "name": "kattersstructures:automaticons/mob_automaticons"
          },
          {
            "type": "minecraft:loot_table",
            "name": "kattersstructures:automaticons/nether_automaticons"
          },
          {
            "type": "minecraft:loot_table",
            "name": "kattersstructures:automaticons/ocean_automaticons"
          },
          {
            "type": "minecraft:loot_table",
            "name": "kattersstructures:automaticons/ore_automaticons"
          },
          {
            "type": "minecraft:loot_table",
            "name": "kattersstructures:automaticons/stone_automaticons"
          },
          {
            "type": "minecraft:loot_table",
            "name": "kattersstructures:automaticons/wood_automaticons"
          }
        ]
      }
    ]
  }
  