{
  "elements": [
    {
      "element": {
        "element_type": "minecraft:legacy_single_pool_element",
        "location": "minecraft:desert/midori__/decor/decor_g_besedka_1",
        "processors": "desert/structures",
        "projection": "rigid"
      },
      "weight": 50
    },
    {
      "element": {
        "element_type": "minecraft:legacy_single_pool_element",
        "location": "minecraft:desert/midori__/decor/decor_g_besedka_2",
        "processors": "desert/structures",
        "projection": "rigid"
      },
      "weight": 30
    },
    {
      "element": {
        "element_type": "minecraft:legacy_single_pool_element",
        "location": "minecraft:desert/midori__/decor/decor_g_ferma_1",
        "processors": {
          "processors": []
        },
        "projection": "rigid"
      },
      "weight": 100
    },
    {
      "element": {
        "element_type": "minecraft:legacy_single_pool_element",
        "location": "minecraft:desert/midori__/decor/decor_g_kolodec_1.1",
        "processors": "desert/structures",
        "projection": "rigid"
      },
      "weight": 40
    },
    {
      "element": {
        "element_type": "minecraft:legacy_single_pool_element",
        "location": "minecraft:desert/midori__/decor/decor_g_kolodec_2",
        "processors": "desert/structures",
        "projection": "rigid"
      },
      "weight": 45
    },
    {
      "element": {
        "element_type": "minecraft:legacy_single_pool_element",
        "location": "minecraft:desert/midori__/decor/decor_g_pesochnica_1",
        "processors": {
          "processors": []
        },
        "projection": "rigid"
      },
      "weight": 80
    },
    {
      "element": {
        "element_type": "minecraft:legacy_single_pool_element",
        "location": "minecraft:desert/midori__/decor/decor_g_piramida_1.2",
        "processors": "desert/structures",
        "projection": "rigid"
      },
      "weight": 100
    },
    {
      "element": {
        "element_type": "minecraft:legacy_single_pool_element",
        "location": "minecraft:desert/midori__/decor/decor_g_stoila_1.1",
        "processors": "desert/structures",
        "projection": "rigid"
      },
      "weight": 100
    },
    {
      "element": {
        "element_type": "minecraft:legacy_single_pool_element",
        "location": "minecraft:desert/midori__/decor/decor_g_telega_1.1",
        "processors": "desert/decor_telega",
        "projection": "rigid"
      },
      "weight": 20
    },
    {
      "element": {
        "element_type": "minecraft:legacy_single_pool_element",
        "location": "minecraft:desert/midori__/decor/decor_g_trostnik_1",
        "processors": {
          "processors": []
        },
        "projection": "rigid"
      },
      "weight": 100
    },
    {
      "element": {
        "element_type": "minecraft:legacy_single_pool_element",
        "location": "minecraft:desert/midori__/decor/decor_v_koster_1",
        "processors": {
          "processors": []
        },
        "projection": "rigid"
      },
      "weight": 30
    },
    {
      "element": {
        "element_type": "minecraft:legacy_single_pool_element",
        "location": "minecraft:desert/midori__/decor/decor_v_lampa_1",
        "processors": {
          "processors": []
        },
        "projection": "rigid"
      },
      "weight": 60
    },
    {
      "element": {
        "element_type": "minecraft:legacy_single_pool_element",
        "location": "minecraft:desert/midori__/decor/decor_v_skamiya_1",
        "processors": {
          "processors": []
        },
        "projection": "rigid"
      },
      "weight": 100
    },
    {
      "element": {
        "element_type": "minecraft:legacy_single_pool_element",
        "location": "minecraft:desert/midori__/decor/decor_v_skamiya_2",
        "processors": {
          "processors": []
        },
        "projection": "rigid"
      },
      "weight": 100
    },
    {
      "element": {
        "element_type": "minecraft:legacy_single_pool_element",
        "location": "minecraft:desert/midori__/decor/decor_v_skamiya_3",
        "processors": {
          "processors": []
        },
        "projection": "rigid"
      },
      "weight": 100
    },
    {
      "element": {
        "element_type": "minecraft:legacy_single_pool_element",
        "location": "minecraft:desert/midori__/decor/decor_gv_vazi_1",
        "processors": "desert/decor_pot_0.4",
        "projection": "terrain_matching"
      },
      "weight": 100
    }
  ],
  "fallback": "minecraft:desert/midori__/terminators"
}