{
  "elements": [
    {
      "element": {
        "element_type": "minecraft:legacy_single_pool_element",
        "location": "minecraft:desert/midori__/houses/house_barrel_full_1.2",
        "processors": "desert/structures",
        "projection": "rigid"
      },
      "weight": 100
    },
    {
      "element": {
        "element_type": "minecraft:legacy_single_pool_element",
        "location": "minecraft:desert/midori__/houses/house_blast_furnace_1.2",
        "processors": "desert/structures",
        "projection": "rigid"
      },
      "weight": 40
    },
    {
      "element": {
        "element_type": "minecraft:legacy_single_pool_element",
        "location": "minecraft:desert/midori__/houses/house_brewing_stand_1.2",
        "processors": "desert/structures",
        "projection": "rigid"
      },
      "weight": 50
    },
    {
      "element": {
        "element_type": "minecraft:legacy_single_pool_element",
        "location": "minecraft:desert/midori__/houses/house_cartography_table_1.2",
        "processors": {"processors": []},
        "projection": "rigid"
      },
      "weight": 50
    },
    {
      "element": {
        "element_type": "minecraft:legacy_single_pool_element",
        "location": "minecraft:desert/midori__/houses/house_cauldron_1.2",
        "processors": "desert/structures",
        "projection": "rigid"
      },
      "weight": 30
    },
    {
      "element": {
        "element_type": "minecraft:legacy_single_pool_element",
        "location": "minecraft:desert/midori__/houses/house_composter_1.2",
        "processors": "desert/structures",
        "projection": "rigid"
      },
      "weight": 50
    },
    {
      "element": {
        "element_type": "minecraft:legacy_single_pool_element",
        "location": "minecraft:desert/midori__/houses/house_fletching_table_1.2",
        "processors": "desert/structures",
        "projection": "rigid"
      },
      "weight": 50
    },
    {
      "element": {
        "element_type": "minecraft:legacy_single_pool_element",
        "location": "minecraft:desert/midori__/houses/house_grindstone_1.2",
        "processors": "desert/structures",
        "projection": "rigid"
      },
      "weight": 35
    },
    {
      "element": {
        "element_type": "minecraft:legacy_single_pool_element",
        "location": "minecraft:desert/midori__/houses/house_lectern_1.2",
        "processors": "desert/structures",
        "projection": "rigid"
      },
      "weight": 35
    },
    {
      "element": {
        "element_type": "minecraft:legacy_single_pool_element",
        "location": "minecraft:desert/midori__/houses/house_loom_1.2",
        "processors": "desert/structures",
        "projection": "rigid"
      },
      "weight": 35
    },
    {
      "element": {
        "element_type": "minecraft:legacy_single_pool_element",
        "location": "minecraft:desert/midori__/houses/house_smithing_table_1.2",
        "processors": "desert/structures",
        "projection": "rigid"
      },
      "weight": 50
    },
    {
      "element": {
        "element_type": "minecraft:legacy_single_pool_element",
        "location": "minecraft:desert/midori__/houses/house_smoker_1.2",
        "processors": "desert/structures",
        "projection": "rigid"
      },
      "weight": 50
    },
    {
      "element": {
        "element_type": "minecraft:legacy_single_pool_element",
        "location": "minecraft:desert/midori__/houses/house_stonecutter_1.2",
        "processors": "desert/structures",
        "projection": "rigid"
      },
      "weight": 40
    },
    {
      "element": {
        "element_type": "minecraft:legacy_single_pool_element",
        "location": "minecraft:desert/midori__/houses/house_none_1.2",
        "processors": "desert/structures",
        "projection": "rigid"
      },
      "weight": 10
    }
  ],
  "fallback": "minecraft:empty"
}