{
    "biomes": "#kattersstructures:has_structure/underground",
    "adapt_noise": false,
    "spawn_overrides": {},
    "type": "minecraft:jigsaw",
    "start_pool": "kattersstructures:better_vanilla_dungeon/rooms",
    "size": 7,
    "step": "underground_structures",
    "start_height": {
        "type": "minecraft:uniform",
        "min_inclusive": {
          "absolute": 2
        },
          "max_inclusive": {
          "absolute": 30
        }
    },
    "max_distance_from_center": 116,
    "terrain_adaptation": "encapsulate",
    "use_expansion_hack": false
}