{
    "biomes": "#kattersstructures:has_structure/cherry_village",
    "adapt_noise": false,
    "spawn_overrides": {},
    "type": "minecraft:jigsaw",
    "start_pool": "kattersstructures:cherry_tree/big_cherry_tree_gate",
    "size": 2,
    "step": "surface_structures",
    "start_height": {
        "absolute": 0
    },
    "project_start_to_heightmap": "WORLD_SURFACE_WG",
    "max_distance_from_center": 60,
    "terrain_adaptation": "beard_box",
    "use_expansion_hack": false
}