{
    "biomes": "#kattersstructures:has_structure/dark_oak",
    "adapt_noise": true,
    "spawn_overrides": {
        "creature": {
            "bounding_box": "full",
            "spawns": [
            {
                "type": "minecraft:allay",
                "weight": 1,
                "minCount": 1,
                "maxCount": 1
            }
            ]
        },
        "monster": {
            "bounding_box": "full",
            "spawns": []
        }
    },
    "type": "minecraft:jigsaw",
    "start_pool": "kattersstructures:dark_tree/big_dark_tree",
    "size": 7,
    "step": "surface_structures",
    "start_height": {
        "absolute": 0
    },
    "project_start_to_heightmap": "WORLD_SURFACE_WG",
    "max_distance_from_center": 60,
    "terrain_adaptation": "beard_thin",
    "use_expansion_hack": false
}