{
    "biomes": "#kattersstructures:has_structure/desert",
    "adapt_noise": false,
    "spawn_overrides": {},
    "type": "minecraft:jigsaw",
    "start_pool": "kattersstructures:desert_dungeon/start",
    "size": 7,
    "step": "surface_structures",
    "start_height": {
        "absolute": -26
        ,
        "max_inclusive": {
        "absolute": 52
      }
    },
    "project_start_to_heightmap": "WORLD_SURFACE_WG",
    "max_distance_from_center": 60,
    "terrain_adaptation": "bury",
    "use_expansion_hack": false
}