{
    "biomes": "#kattersstructures:has_structure/underground",
    "adapt_noise": false,
    "spawn_overrides": {
        "monster": {
          "bounding_box": "full",
          "spawns": []
        },
        "underground_water_creature": {
          "bounding_box": "full",
          "spawns": []
        },
        "creature": {
          "bounding_box": "full",
          "spawns": [
            {
              "type": "minecraft:mooshroom",
              "weight": 4,
              "minCount": 4,
              "maxCount": 6
            }
          ]
        }
    },
    "type": "minecraft:jigsaw",
    "start_pool": "kattersstructures:shroom_cave/center",
    "size": 2,
    "step": "underground_decoration",
    "start_height": {
        "type": "minecraft:uniform",
        "min_inclusive": {
          "absolute": 2
        },
          "max_inclusive": {
          "absolute": 30
        }
    },
    "max_distance_from_center": 116,
    "terrain_adaptation": "encapsulate",
    "use_expansion_hack": false
}