{
    "name": "kattersstructures:graveyard/ways",
    "fallback": "minecraft:empty",
    "elements": [{
        "weight": 3,
        "element": {
            "location": "kattersstructures:graveyard/way/graveyard_way_01",
            "processors": "minecraft:empty",
            "projection": "terrain_matching",
            "element_type": "minecraft:single_pool_element"
        }
    },{
        "weight": 3,
        "element": {
            "location": "kattersstructures:graveyard/way/graveyard_way_02",
            "processors": "minecraft:empty",
            "projection": "terrain_matching",
            "element_type": "minecraft:single_pool_element"
        }
    },{
        "weight": 3,
        "element": {
            "location": "kattersstructures:graveyard/way/graveyard_way_03",
            "processors": "minecraft:empty",
            "projection": "terrain_matching",
            "element_type": "minecraft:single_pool_element"
        }
    },{
        "weight": 1,
        "element": {
            "location": "kattersstructures:graveyard/way/graveyard_way_cross",
            "processors": "minecraft:empty",
            "projection": "terrain_matching",
            "element_type": "minecraft:single_pool_element"
        }
    },{
        "weight": 3,
        "element": {
            "location": "kattersstructures:graveyard/way/graveyard_way_end",
            "processors": "minecraft:empty",
            "projection": "terrain_matching",
            "element_type": "minecraft:single_pool_element"
        }
    }]
}