{
    "type": "minecraft:entity",
    "pools": [
        {
            "rolls": 1,
            "entries": [
              {
                "type": "minecraft:item",
                "weight": 1,
                "name": "minecraft:command_block",
                "functions": [
                  {
                    "function": "minecraft:set_nbt",
                    "tag": "{CustomModelData:17205,display:{Name:'[{\"text\":\"Ankh Shard\",\"italic\":false,\"color\":\"white\"}]',Lore:['[{\"text\":\"Ingredients\",\"italic\":false,\"color\":\"blue\"}]']}}"
                  }
                ]
              },
              {
                "type": "minecraft:empty",
                "weight": 2
              }
            ]
          },
      {
        "bonus_rolls": 0.0,
        "entries": [
          {
            "type": "minecraft:item",
            "functions": [
              {
                "add": false,
                "count": {
                  "type": "minecraft:uniform",
                  "max": 2.0,
                  "min": 0.0
                },
                "function": "minecraft:set_count"
              },
              {
                "count": {
                  "type": "minecraft:uniform",
                  "max": 1.0,
                  "min": 0.0
                },
                "function": "minecraft:looting_enchant"
              }
            ],
            "name": "minecraft:rotten_flesh"
          }
        ],
        "rolls": 1.0
      },
      {
        "bonus_rolls": 0.0,
        "conditions": [
          {
            "condition": "minecraft:killed_by_player"
          },
          {
            "chance": 0.025,
            "condition": "minecraft:random_chance_with_looting",
            "looting_multiplier": 0.01
          }
        ],
        "entries": [
          {
            "type": "minecraft:item",
            "name": "minecraft:iron_ingot"
          },
          {
            "type": "minecraft:item",
            "name": "minecraft:carrot"
          },
          {
            "type": "minecraft:item",
            "functions": [
              {
                "conditions": [
                  {
                    "condition": "minecraft:entity_properties",
                    "entity": "this",
                    "predicate": {
                      "flags": {
                        "is_on_fire": true
                      }
                    }
                  }
                ],
                "function": "minecraft:furnace_smelt"
              }
            ],
            "name": "minecraft:potato"
          }
        ],
        "rolls": 1.0
      }
    ]
  }