{
    "display": {
      "icon": {
        "id": "minecraft:mossy_cobblestone",
        "count": 1
      },
      "title": "Better Vanilla Dungeon"
      ,
      "description": "You found a Better Vanilla Dungeon!"
    },
    "parent": "kattersstructures:root",
    "criteria": {
      "better_vanilla_dungeon": {
        "trigger": "minecraft:location",
        "conditions": {
          "player": [
            {
              "condition": "minecraft:entity_properties",
              "entity": "this",
              "predicate": {
                "location": {
                  "structures": "kattersstructures:better_vanilla_dungeon"
                }
              }
            }
          ]
        }
      }
    },
    "sends_telemetry_event": true
  }
  