{
    "display": {
      "icon": {
        "id": "minecraft:birch_sapling",
        "count": 1
      },
      "title": "Big Birch Tree"
      ,
      "description": "You found a Big Birch Tree!"
    },
    "parent": "kattersstructures:root",
    "criteria": {
      "birch_tree": {
        "trigger": "minecraft:location",
        "conditions": {
          "player": [
            {
              "condition": "minecraft:entity_properties",
              "entity": "this",
              "predicate": {
                "location": {
                  "structures": "kattersstructures:birch_tree"
                }
              }
            }
          ]
        }
      }
    },
    "sends_telemetry_event": true
  }
  