{
    "display": {
      "icon": {
        "id": "minecraft:blaze_rod",
        "components": {
          "minecraft:enchantments": {
            "minecraft:fire_aspect": 1
          }
        }
      },
      "title": "Burning Sceptre",
      "description": "Obtain the Pharaohs secret Weapon",
      "frame": "goal",
      "show_toast": true,
      "announce_to_chat": true,
      "hidden": true
    },
    "parent": "kattersstructures:pharaoh",
    "criteria": {
      "requirement": {
        "trigger": "minecraft:inventory_changed",
        "conditions": {
          "player": [
            {
              "condition": "minecraft:entity_properties",
              "entity": "this",
              "predicate": {}
            }
          ],
          "items": [
            {
              "items": "minecraft:blaze_rod",
              "components": {
                "minecraft:item_name": "{\"color\":\"gold\",\"text\":\"Burning sceptre\"}"
              }
            }
          ]
        }
      }
    }
  }
  