{
    "display": {
      "icon": {
        "id": "minecraft:cherry_sapling",
        "count": 1
      },
      "title": "Big Cherry Tree"
      ,
      "description": "You found a Big Cherry Tree!"
    },
    "parent": "kattersstructures:root",
    "criteria": {
      "cherry_tree": {
        "trigger": "minecraft:location",
        "conditions": {
          "player": [
            {
              "condition": "minecraft:entity_properties",
              "entity": "this",
              "predicate": {
                "location": {
                  "structures": "kattersstructures:cherry_tree"
                }
              }
            }
          ]
        }
      }
    },
    "sends_telemetry_event": true
  }
  