{
    "display": {
      "icon": {
        "id": "minecraft:sand",
        "count": 1
      },
      "title": "Desert Dungeon"
      ,
      "description": "You found a Desert Dungeon!"
    },
    "parent": "kattersstructures:root",
    "criteria": {
      "desert_dungeon": {
        "trigger": "minecraft:location",
        "conditions": {
          "player": [
            {
              "condition": "minecraft:entity_properties",
              "entity": "this",
              "predicate": {
                "location": {
                  "structures": "kattersstructures:desert_dungeon"
                }
              }
            }
          ]
        }
      }
    },
    "sends_telemetry_event": true
  }
  