{
    "display": {
      "icon": {
        "id": "minecraft:golden_helmet"
      },
      "title": "Kill the Pharaoh",
      "description": "He was dead already",
      "frame": "challenge",
      "show_toast": true,
      "announce_to_chat": true,
      "hidden": true
    },
    "parent": "kattersstructures:desert_dungeon",
    "criteria": {
      "requirement": {
        "trigger": "minecraft:player_killed_entity",
        "conditions": {
          "player": [
            {
              "condition": "minecraft:entity_properties",
              "entity": "this",
              "predicate": {}
            }
          ],
          "entity": {
            "type": "minecraft:husk",
            "nbt": "{CustomName:'{\"text\":\"Pharaoh\",\"color\":\"gold\"}'}"
          }
        }
      }
    }
  }
  