{
    "display": {
      "icon": {
        "id": "minecraft:feather",
        "count": 1
      },
      "title": "Sky Village"
      ,
      "description": "You found a Sky Village!"
    },
    "parent": "kattersstructures:a_village",
    "criteria": {
      "village_sky": {
        "trigger": "minecraft:location",
        "conditions": {
          "player": [
            {
              "condition": "minecraft:entity_properties",
              "entity": "this",
              "predicate": {
                "location": {
                  "structures": "kattersstructures:village_sky"
                }
              }
            }
          ]
        }
      }
    },
    "sends_telemetry_event": true
  }
  