{
    "display": {
      "icon": {
        "id": "minecraft:emerald_block",
        "count": 1
      },
      "title": "By the Power of Three",
      "description": "You found all three kinds of Villager Statue!",
      "frame": "challenge",
      "hidden": true
    },
    "parent": "kattersstructures:root",
    "criteria": {
      "villager_desert": {
        "trigger": "minecraft:location",
        "conditions": {
          "player": [
            {
              "condition": "minecraft:entity_properties",
              "entity": "this",
              "predicate": {
                "location": {
                  "structures": "kattersstructures:villager_desert"
                }
              }
            }
          ]
        }
      },
      "villager_mountain": {
        "trigger": "minecraft:location",
        "conditions": {
          "player": [
            {
              "condition": "minecraft:entity_properties",
              "entity": "this",
              "predicate": {
                "location": {
                  "structures": "kattersstructures:villager_mountain"
                }
              }
            }
          ]
        }
      },
      "villager_ocean": {
        "trigger": "minecraft:location",
        "conditions": {
          "player": [
            {
              "condition": "minecraft:entity_properties",
              "entity": "this",
              "predicate": {
                "location": {
                  "structures": "kattersstructures:villager_ocean"
                }
              }
            }
          ]
        }
      }
    },
    "sends_telemetry_event": true
  }
  