{
    "display": {
      "icon": {
        "id": "minecraft:mud",
        "count": 1
      },
      "title": "Swamp Village"
      ,
      "description": "You found a Swamp Village!"
    },
    "parent": "kattersstructures:a_village",
    "criteria": {
      "village_swamp": {
        "trigger": "minecraft:location",
        "conditions": {
          "player": [
            {
              "condition": "minecraft:entity_properties",
              "entity": "this",
              "predicate": {
                "location": {
                  "structures": "kattersstructures:village_swamp"
                }
              }
            }
          ]
        }
      }
    },
    "sends_telemetry_event": true
  }
  