{
    "display": {
      "icon": {
        "id": "minecraft:campfire",
        "count": 1
      },
      "title": "Witch Circle"
      ,
      "description": "You found a Witch Circle!"
    },
    "parent": "kattersstructures:root",
    "criteria": {
      "witch_circle": {
        "trigger": "minecraft:location",
        "conditions": {
          "player": [
            {
              "condition": "minecraft:entity_properties",
              "entity": "this",
              "predicate": {
                "location": {
                  "structures": "kattersstructures:witch_circle"
                }
              }
            }
          ]
        }
      }
    },
    "sends_telemetry_event": true
  }
  