{
  "criteria": {
    "player_dmg_entity": {
      "trigger": "minecraft:player_hurt_entity",
      "conditions": {
        "player": [
          {
            "condition": "minecraft:value_check",
            "value": {
              "type": "minecraft:score",
              "target": {
                "type": "minecraft:fixed",
                "name": "Blood"
              },
              "score": "fkgm.options"
            },
            "range": 1
          }
        ]
      }
    }
  },
  "rewards": {
    "function": "fkgm:systems/blood/hurt_entity_adv"
  }
}