{
  "criteria": {
    "entity_dmg_player_with_tool": {
      "trigger": "minecraft:entity_hurt_player",
      "conditions": {
        "player": [
          {
            "condition": "minecraft:value_check",
            "value": {
              "type": "minecraft:score",
              "target": {
                "type": "minecraft:fixed",
                "name": "Cuts"
              },
              "score": "fkgm.options"
            },
            "range": 1
          }
        ],
        "damage": {
          "blocked": false,
          "taken": {
            "min": 3,
            "max": 999
          },
          "source_entity": {
            "equipment": {
              "mainhand": {
                "items": "#fkgm:cut_tools"
              }
            }
          },
          "type": {
            "tags": [
              {
                "id": "minecraft:is_drowning",
                "expected": false
              },
              {
                "id": "minecraft:is_fall",
                "expected": false
              }
            ]
          }
        }
      }
    }
  },
  "rewards": {
    "function": "fkgm:systems/bleeding/bleed_cuts_adv"
  }
}