{
  "criteria": {
    "player_suffocation_dmg": {
      "trigger": "minecraft:entity_hurt_player",
      "conditions": {
        "player": [
          {
            "condition": "minecraft:value_check",
            "value": {
              "type": "minecraft:score",
              "target": {
                "type": "minecraft:fixed",
                "name": "Suffocation"
              },
              "score": "fkgm.options"
            },
            "range": 1
          }
        ],
        "damage": {
          "type": {
            "tags": [
              {
                "id": "minecraft:is_drowning",
                "expected": true
              }
            ]
          }
        }
      }
    }
  },
  "rewards": {
    "function": "fkgm:systems/suffoc/check"
  }
}