{
	"pools": [
		{
			"rolls": 4,
			"entries": [
				{
					"type": "minecraft:item",
					"weight": 5,
					"name": "minecraft:emerald",
					"functions": [
						{
							"function": "minecraft:set_count",
							"count": {
								"min": 0,
								"max": 2
							},
							"add": false
						}
					]
				},
				{
					"type": "minecraft:item",
					"weight": 2,
					"name": "minecraft:brick",
					"functions": [
						{
							"function": "minecraft:set_count",
							"count": {
								"min": 1,
								"max": 5
							},
							"add": false
						}
					]
				},
				{
					"type": "minecraft:item",
					"weight": 3,
					"name": "minecraft:infested_stone_bricks",
					"functions": [
						{
							"function": "minecraft:set_count",
							"count": {
								"min": 1,
								"max": 3
							},
							"add": false
						}
					]
				}
			]
		}
	]
}
