{
    "name": "kattersstructures:better_vanilla_dungeon/deco_wall",
    "fallback": "minecraft:empty",
    "elements": [{
        "weight": 2,
        "element": {
            "element_type": "minecraft:single_pool_element",
            "projection": "rigid",
            "processors": "minecraft:empty",
            "location": "kattersstructures:better_vanilla_dungeon/decor/wall/better_vanilla_dungeon_deco_wall_01"
        }
    },{
        "weight": 2,
        "element": {
            "element_type": "minecraft:single_pool_element",
            "projection": "rigid",
            "processors": "minecraft:empty",
            "location": "kattersstructures:better_vanilla_dungeon/decor/wall/better_vanilla_dungeon_deco_wall_02"
        }
    },{
        "weight": 2,
        "element": {
            "element_type": "minecraft:single_pool_element",
            "projection": "rigid",
            "processors": "minecraft:empty",
            "location": "kattersstructures:better_vanilla_dungeon/decor/wall/better_vanilla_dungeon_deco_wall_03"
        }
    },{
        "weight": 2,
        "element": {
            "element_type": "minecraft:single_pool_element",
            "projection": "rigid",
            "processors": "minecraft:empty",
            "location": "kattersstructures:better_vanilla_dungeon/decor/wall/better_vanilla_dungeon_deco_wall_04"
        }
    },{
        "weight": 2,
        "element": {
            "element_type": "minecraft:single_pool_element",
            "projection": "rigid",
            "processors": "minecraft:empty",
            "location": "kattersstructures:better_vanilla_dungeon/decor/wall/better_vanilla_dungeon_deco_wall_05"
        }
    },{
        "weight": 2,
        "element": {
            "element_type": "minecraft:single_pool_element",
            "projection": "rigid",
            "processors": "minecraft:empty",
            "location": "kattersstructures:better_vanilla_dungeon/decor/wall/better_vanilla_dungeon_deco_wall_06"
        }
    },{
        "weight": 2,
        "element": {
            "element_type": "minecraft:single_pool_element",
            "projection": "rigid",
            "processors": "minecraft:empty",
            "location": "kattersstructures:better_vanilla_dungeon/decor/wall/better_vanilla_dungeon_deco_wall_07"
        }
    },{
        "weight": 2,
        "element": {
            "element_type": "minecraft:single_pool_element",
            "projection": "rigid",
            "processors": "minecraft:empty",
            "location": "kattersstructures:better_vanilla_dungeon/decor/wall/better_vanilla_dungeon_deco_wall_08"
        }
    },{
        "weight": 2,
        "element": {
            "element_type": "minecraft:single_pool_element",
            "projection": "rigid",
            "processors": "minecraft:empty",
            "location": "kattersstructures:better_vanilla_dungeon/decor/wall/better_vanilla_dungeon_deco_wall_09"
        }
    }
]
}