{
    "elements": [
      {
        "element": {
          "element_type": "minecraft:legacy_single_pool_element",
          "location": "swamp/felixcolour/entity/cat_black",
          "processors": {"processors": []},
          "projection": "rigid"
        },
        "weight": 50
      },
      {
        "element": {
          "element_type": "minecraft:legacy_single_pool_element",
          "location": "swamp/felixcolour/entity/cat_british",
          "processors": {"processors": []},
          "projection": "rigid"
        },
        "weight": 50
      },
      {
        "element": {
          "element_type": "minecraft:legacy_single_pool_element",
          "location": "swamp/felixcolour/entity/cat_calico",
          "processors": {"processors": []},
          "projection": "rigid"
        },
        "weight": 50
      },
      {
        "element": {
          "element_type": "minecraft:legacy_single_pool_element",
          "location": "swamp/felixcolour/entity/cat_jellie",
          "processors": {"processors": []},
          "projection": "rigid"
        },
        "weight": 50
      },
      {
        "element": {
          "element_type": "minecraft:legacy_single_pool_element",
          "location": "swamp/felixcolour/entity/cat_jellie",
          "processors": {"processors": []},
          "projection": "rigid"
        },
        "weight": 50
      },
      {
        "element": {
          "element_type": "minecraft:legacy_single_pool_element",
          "location": "swamp/felixcolour/entity/cat_persian",
          "processors": {"processors": []},
          "projection": "rigid"
        },
        "weight": 50
      },
      {
        "element": {
          "element_type": "minecraft:legacy_single_pool_element",
          "location": "swamp/felixcolour/entity/cat_ragdoll",
          "processors": {"processors": []},
          "projection": "rigid"
        },
        "weight": 50
      },
      {
        "element": {
          "element_type": "minecraft:legacy_single_pool_element",
          "location": "swamp/felixcolour/entity/cat_ragdoll",
          "processors": {"processors": []},
          "projection": "rigid"
        },
        "weight": 50
      },
      {
        "element": {
          "element_type": "minecraft:legacy_single_pool_element",
          "location": "swamp/felixcolour/entity/cat_red",
          "processors": {"processors": []},
          "projection": "rigid"
        },
        "weight": 50
      },
      {
        "element": {
          "element_type": "minecraft:legacy_single_pool_element",
          "location": "swamp/felixcolour/entity/cat_siamese",
          "processors": {"processors": []},
          "projection": "rigid"
        },
        "weight": 50
      },
      {
        "element": {
          "element_type": "minecraft:legacy_single_pool_element",
          "location": "swamp/felixcolour/entity/cat_tabby",
          "processors": {"processors": []},
          "projection": "rigid"
        },
        "weight": 50
      },
      {
        "element": {
          "element_type": "minecraft:legacy_single_pool_element",
          "location": "swamp/felixcolour/entity/cat_white",
          "processors": {"processors": []},
          "projection": "rigid"
        },
        "weight": 50
      }
    ],
    "fallback": "minecraft:empty"
  }