{
    "pools": [
        {
            "rolls": {
                "min": 5,
                "max": 8
            },
            "entries": [
                {
					"type": "minecraft:loot_table",
					"weight": 15,
					"value": "hopo:chests/mineshaft/abandoned_miners_stuff"
				},
                {
                    "type": "minecraft:item",
                    "weight": 3,
                    "name": "minecraft:redstone_block",
                    "functions": [
                        {
                            "function": "minecraft:set_count",
                            "count": {
                                "min": 0,
                                "max": 1
                            },
                            "add": false
                        }
                    ]
                },
                {
                    "type": "minecraft:item",
                    "weight": 15,
                    "name": "minecraft:redstone_ore",
                    "functions": [
                        {
                            "function": "minecraft:set_count",
                            "count": {
                                "min": 1,
                                "max": 6
                            },
                            "add": false
                        }
                    ]
                },
                {
                    "type": "minecraft:item",
                    "weight": 17,
                    "name": "minecraft:redstone",
                    "functions": [
                        {
                            "function": "minecraft:set_count",
                            "count": {
                                "min": 0,
                                "max": 9
                            },
                            "add": false
                        }
                    ]
                }
            ]
        }
    ]
}