{
	"pools": [
		{
			"rolls": {
				"min": 4,
				"max": 6
			},
			"entries": [
				{
					"type": "minecraft:loot_table",
					"value": "hopo:chests/mineshaft/abandoned_miners_stuff",
					"weight": 15
				},
				{
					"type": "minecraft:item",
					"name": "minecraft:diamond_sword",
					"weight": 6,
					"functions": [
						{
							"function": "minecraft:enchant_with_levels",
							"levels": {
								"min": 15,
								"max": 30
							}
						},
						{
							"function": "minecraft:set_damage",
							"damage": {
								"min": 0.05,
								"max": 0.3
							}
						}
					]
				},
				{
					"type": "minecraft:item",
					"name": "minecraft:diamond_axe",
					"weight": 6,
					"functions": [
						{
							"function": "minecraft:enchant_with_levels",
							"levels": {
								"min": 15,
								"max": 30
							}
						},
						{
							"function": "minecraft:set_damage",
							"damage": {
								"min": 0.05,
								"max": 0.3
							}
						}
					]
				},
				{
					"type": "minecraft:item",
					"name": "minecraft:diamond_sword",
					"weight": 6,
					"functions": [
						{
							"function": "minecraft:set_damage",
							"damage": {
								"min": 0.05,
								"max": 0.3
							},
							"add": false
						}
					]
				},
				{
					"type": "minecraft:item",
					"name": "minecraft:diamond_axe",
					"weight": 6,
					"functions": [
						{
							"function": "minecraft:set_damage",
							"damage": {
								"min": 0.05,
								"max": 0.3
							},
							"add": false
						}
					]
				},
				{
					"type": "minecraft:item",
					"name": "minecraft:iron_sword",
					"weight": 10,
					"functions": [
						{
							"function": "minecraft:set_damage",
							"damage": {
								"min": 0.05,
								"max": 0.4
							},
							"add": false
						}
					]
				},
				{
					"type": "minecraft:item",
					"name": "minecraft:iron_axe",
					"weight": 10,
					"functions": [
						{
							"function": "minecraft:set_count",
							"count": {
								"min": 0.05,
								"max": 0.4
							},
							"add": false
						}
					]
				},
				{
					"type": "minecraft:item",
					"name": "minecraft:iron_sword",
					"weight": 8,
					"functions": [
						{
							"function": "minecraft:set_damage",
							"damage": {
								"min": 0.05,
								"max": 0.4
							},
							"add": false
						},
						{
							"function": "minecraft:enchant_with_levels",
							"levels": {
								"min": 15,
								"max": 30
							}
						}
					]
				},
				{
					"type": "minecraft:item",
					"name": "minecraft:iron_axe",
					"weight": 8,
					"functions": [
						{
							"function": "minecraft:set_damage",
							"damage": {
								"min": 0.05,
								"max": 0.4
							},
							"add": false
						},
						{
							"function": "minecraft:enchant_with_levels",
							"levels": {
								"min": 15,
								"max": 30
							}
						}
					]
				},
				{
					"type": "minecraft:item",
					"name": "minecraft:shield",
					"weight": 4,
					"functions": [
						{
							"function": "minecraft:set_damage",
							"damage": {
								"min": 0.05,
								"max": 0.4
							},
							"add": false
						}
					]
				},
				{
					"type": "minecraft:item",
					"name": "minecraft:shield",
					"weight": 4,
					"functions": [
						{
							"function": "minecraft:set_damage",
							"damage": {
								"min": 0.05,
								"max": 0.4
							},
							"add": false
						},
						{
							"function": "minecraft:enchant_randomly"
						}
					]
				}
			]
		}
	]
}
