{
    "name": "kattersstructures:windmill/fields",
    "fallback": "minecraft:empty",
    "elements": [{
        "weight": 1,
        "element": {
            "location": "kattersstructures:windmill/fields/field_01",
            "processors": "minecraft:empty",
            "projection": "terrain_matching",
            "element_type": "minecraft:single_pool_element"
        }
    },{
        "weight": 1,
        "element": {
            "location": "kattersstructures:windmill/fields/field_02",
            "processors": "minecraft:empty",
            "projection": "terrain_matching",
            "element_type": "minecraft:single_pool_element"
        }
    },{
        "weight": 1,
        "element": {
            "location": "kattersstructures:windmill/fields/field_03",
            "processors": "minecraft:empty",
            "projection": "terrain_matching",
            "element_type": "minecraft:single_pool_element"
        }
    },{
        "weight": 1,
        "element": {
            "location": "kattersstructures:windmill/fields/field_04",
            "processors": "minecraft:empty",
            "projection": "terrain_matching",
            "element_type": "minecraft:single_pool_element"
        }
    },{
        "weight": 6,
        "element": {
            "location": "kattersstructures:windmill/fields/field_05",
            "processors": "minecraft:empty",
            "projection": "terrain_matching",
            "element_type": "minecraft:single_pool_element"
        }
    },{
        "weight": 6,
        "element": {
            "location": "kattersstructures:windmill/fields/field_06",
            "processors": "minecraft:empty",
            "projection": "terrain_matching",
            "element_type": "minecraft:single_pool_element"
        }
    },{
        "weight": 6,
        "element": {
            "location": "kattersstructures:windmill/fields/field_07",
            "processors": "minecraft:empty",
            "projection": "terrain_matching",
            "element_type": "minecraft:single_pool_element"
        }
    },{
        "weight": 8,
        "element": {
            "location": "kattersstructures:windmill/fields/field_08",
            "processors": "minecraft:empty",
            "projection": "terrain_matching",
            "element_type": "minecraft:single_pool_element"
        }
    },{
        "weight": 8,
        "element": {
            "location": "kattersstructures:windmill/fields/field_09",
            "processors": "minecraft:empty",
            "projection": "terrain_matching",
            "element_type": "minecraft:single_pool_element"
        }
    },{
        "weight": 12,
        "element": {
            "location": "kattersstructures:windmill/fields/field_10",
            "processors": "minecraft:empty",
            "projection": "terrain_matching",
            "element_type": "minecraft:single_pool_element"
        }
    },{
        "weight": 12,
        "element": {
            "location": "kattersstructures:windmill/fields/field_11",
            "processors": "minecraft:empty",
            "projection": "terrain_matching",
            "element_type": "minecraft:single_pool_element"
        }
    }]
}