{
    "type": "minecraft:chest",
    "pools": [
      {
        "rolls": 15,
        "entries": [
          {
            "type": "minecraft:item",
            "weight": 2,
            "name": "minecraft:potion",
            "functions": [
              {
                "function": "minecraft:set_nbt",
                "tag": "{item:1b, CustomPotionEffects:[{Id:25,Amplifier:4,Duration:200}],CustomPotionColor:0,display:{Name:\"\\\"Potion of Safe Passage\\\"\",Lore:[\"\\\"Press [Shift] to cancel levitation\\\"\"]}}"
              }
            ]
          },
          {
            "type": "minecraft:empty",
            "weight": 7
          }
        ]
      }
    ]
  }
  