{
    "name": "better_pyramid:primary_rooms",
    "fallback": "minecraft:empty",
    "elements": [
      {
        "weight": 10,
        "element": {
          "element_type": "minecraft:single_pool_element",
          "location": "better_pyramid:large_rooms/large_room_2",
          "projection": "rigid",
          "processors": "minecraft:empty"
        }
      },
      {
        "weight": 10,
        "element": {
          "element_type": "minecraft:single_pool_element",
          "location": "better_pyramid:large_rooms/large_room_3",
          "projection": "rigid",
          "processors": "minecraft:empty"
        }
      },
      {
        "weight": 10,
        "element": {
          "element_type": "minecraft:single_pool_element",
          "location": "better_pyramid:large_rooms/large_room_4",
          "projection": "rigid",
          "processors": "minecraft:empty"
        }
      },
      {
        "weight": 10,
        "element": {
          "element_type": "minecraft:single_pool_element",
          "location": "better_pyramid:large_rooms/large_room_5",
          "projection": "rigid",
          "processors": "minecraft:empty"
        }
      },
      {
        "weight": 10,
        "element": {
          "element_type": "minecraft:single_pool_element",
          "location": "better_pyramid:large_rooms/large_room_6",
          "projection": "rigid",
          "processors": "minecraft:empty"
        }
      },
      {
        "weight": 10,
        "element": {
          "element_type": "minecraft:single_pool_element",
          "location": "better_pyramid:large_rooms/large_room_7",
          "projection": "rigid",
          "processors": "minecraft:empty"
        }
      },
      {
        "weight": 10,
        "element": {
          "element_type": "minecraft:single_pool_element",
          "location": "better_pyramid:large_rooms/large_room_8",
          "projection": "rigid",
          "processors": "minecraft:empty"
        }
      },
      {
        "weight": 20,
        "element": {
          "element_type": "minecraft:single_pool_element",
          "location": "better_pyramid:large_rooms/large_room_9",
          "projection": "rigid",
          "processors": "minecraft:empty"
        }
      },
      {
        "weight": 25,
        "element": {
          "element_type": "minecraft:single_pool_element",
          "location": "better_pyramid:large_rooms/large_room_10",
          "projection": "rigid",
          "processors": "minecraft:empty"
        }
      }
    ]
}