{
    "type": "minecraft:chest",
    "pools": [
      {
        "rolls": 4,
        "bonus_rolls": 2,
        "entries": [
          {
            "type": "minecraft:item",
            "name": "minecraft:gold_ingot",
            "weight": 5,
            "functions": [
              {
                "function": "minecraft:set_count",
                "count": {
                  "min": 1,
                  "max": 10
                }
              }
            ]
          },
          {
            "type": "minecraft:item",
            "name": "minecraft:diamond",
            "weight": 1,
            "functions": [
              {
                "function": "minecraft:set_count",
                "count": {
                  "min": 1,
                  "max": 2
                }
              }
            ]
          },
          {
            "type": "minecraft:item",
            "name": "minecraft:bone",
            "weight": 5,
            "functions": [
              {
                "function": "minecraft:set_count",
                "count": {
                  "min": 1,
                  "max": 2
                }
              }
            ]
          },
          {
            "type": "minecraft:item",
            "name": "minecraft:rotten_flesh",
            "weight": 5,
            "functions": [
              {
                "function": "minecraft:set_count",
                "count": {
                  "min": 1,
                  "max": 2
                }
              }
            ]
          },
          {
            "type": "minecraft:item",
            "name": "minecraft:raw_gold",
            "weight": 2,
            "functions": [
              {
                "function": "minecraft:set_count",
                "count": {
                  "min": 1,
                  "max": 3
                }
              }
            ]
          }
        ]
      },
      {
        "rolls": 1,
        "entries": [
          {
            "type": "minecraft:item",
            "name": "minecraft:diamond_sword",
            "weight": 1,
            "functions": [
              {
                "function": "minecraft:enchant_randomly"
              },
              {
                "function": "minecraft:set_damage",
                "damage": {
                  "min": 0.75,
                  "max": 1
                }
              }
            ]
          },
          {
            "type": "minecraft:item",
            "name": "minecraft:diamond_axe",
            "weight": 1,
            "functions": [
              {
                "function": "minecraft:set_damage",
                "damage": {
                  "min": 0.75,
                  "max": 1
                }
              },
              {
                "function": "minecraft:enchant_randomly"
              }
            ]
          },
          {
            "type": "minecraft:item",
            "name": "minecraft:skeleton_skull",
            "weight": 1
          },
          {
            "type": "minecraft:item",
            "name": "minecraft:gold_block",
            "weight": 1
          }
        ],
        "conditions": [
          {
            "condition": "minecraft:random_chance",
            "chance": 0.5
          }
        ]
      }
    ]
  }
  