{
    "replace": false,
    "values": [
        "minecraft:deep_dark",
        "minecraft:deep_cold_ocean",
        {"id": "terralith:cave/crystal_caves", "required": false},
        {"id": "terralith:cave/frostfire_caves", "required": false},
        {"id": "terralith:cave/infested_caves", "required": false},
        {"id": "terralith:ice_marsh", "required": false},
        {"id": "terralith:emerald_peaks", "required": false},
        {"id": "terralith:frozen_cliffs", "required": false},
        {"id": "terralith:windswept_spires", "required": false},
        {"id": "biomesoplenty:spider_nest", "required": false},
        {"id": "biomesoplenty:glowing_grotto", "required": false}
    ]
}