{
    "processors": [
      {
        "processor_type": "minecraft:rule",
        "rules": [
          {
            "location_predicate": {
              "predicate_type": "minecraft:always_true"
            },
            "input_predicate": {
              "predicate_type": "minecraft:block_match",
              "block": "minecraft:dead_tube_coral_block"
            },
            "output_state": {
              "Name": "minecraft:spawner"
            },
            "output_nbt": "{Delay:0s,MaxNearbyEntities:6s,MaxSpawnDelay:800s,MinSpawnDelay:200s,RequiredPlayerRange:16s,SpawnCount:4s,SpawnData:{entity:{id:\"zombie_villager\"}},SpawnPotentials:[],SpawnRange:4s}"
            }
        ]
    }
    ]
}
