{
  "processors": [
    {
      "processor_type": "minecraft:rule",
      "rules": [
        {
          "location_predicate": {
            "predicate_type": "always_true"
          },
          "input_predicate": {
            "predicate_type": "minecraft:random_block_match",
            "block": "sandstone",
            "probability": 0.4
          },
          "output_state": {
            "Name": "minecraft:smooth_sandstone",
            "Properties": {}
          }
        },
        {
          "location_predicate": {
            "predicate_type": "always_true"
          },
          "input_predicate": {
            "predicate_type": "minecraft:random_block_match",
            "block": "smooth_sandstone",
            "probability": 0.5
          },
          "output_state": {
            "Name": "minecraft:sandstone",
            "Properties": {}
          }
        },
        {
          "location_predicate": {
            "predicate_type": "always_true"
          },
          "input_predicate": {
            "predicate_type": "minecraft:random_block_match",
            "block": "red_sandstone",
            "probability": 0.4
          },
          "output_state": {
            "Name": "minecraft:smooth_red_sandstone",
            "Properties": {}
          }
        },
        {
          "location_predicate": {
            "predicate_type": "always_true"
          },
          "input_predicate": {
            "predicate_type": "minecraft:random_block_match",
            "block": "smooth_red_sandstone",
            "probability": 0.5
          },
          "output_state": {
            "Name": "minecraft:red_sandstone",
            "Properties": {}
          }
        },
        {
          "location_predicate": {
            "predicate_type": "always_true"
          },
          "input_predicate": {
            "predicate_type": "minecraft:random_block_match",
            "block": "red_sandstone_slab",
            "probability": 0.4
          },
          "output_state": {
            "Name": "minecraft:smooth_red_sandstone_slab",
            "Properties": {}
          }
        },
        {
          "location_predicate": {
            "predicate_type": "always_true"
          },
          "input_predicate": {
            "predicate_type": "minecraft:random_block_match",
            "block": "smooth_red_sandstone_slab",
            "probability": 0.5
          },
          "output_state": {
            "Name": "minecraft:red_sandstone_slab",
            "Properties": {}
          }
        }
      ]
    }
  ]
}
