{
  "elements": [
    {
      "element": {
        "element_type": "minecraft:legacy_single_pool_element",
        "location": "minecraft:common/animals/cat_black",
        "processors": {
          "processors": []
        },
        "projection": "rigid"
      },
      "weight": 1
    },
    {
      "element": {
        "element_type": "minecraft:legacy_single_pool_element",
        "location": "minecraft:common/animals/cat_british",
        "processors": {
          "processors": []
        },
        "projection": "rigid"
      },
      "weight": 1
    },
    {
      "element": {
        "element_type": "minecraft:legacy_single_pool_element",
        "location": "minecraft:common/animals/cat_calico",
        "processors": {
          "processors": []
        },
        "projection": "rigid"
      },
      "weight": 1
    },
    {
      "element": {
        "element_type": "minecraft:legacy_single_pool_element",
        "location": "minecraft:common/animals/cat_persian",
        "processors": {
          "processors": []
        },
        "projection": "rigid"
      },
      "weight": 1
    },
    {
      "element": {
        "element_type": "minecraft:legacy_single_pool_element",
        "location": "minecraft:common/animals/cat_ragdoll",
        "processors": {
          "processors": []
        },
        "projection": "rigid"
      },
      "weight": 1
    },
    {
      "element": {
        "element_type": "minecraft:legacy_single_pool_element",
        "location": "minecraft:common/animals/cat_red",
        "processors": {
          "processors": []
        },
        "projection": "rigid"
      },
      "weight": 1
    },
    {
      "element": {
        "element_type": "minecraft:legacy_single_pool_element",
        "location": "minecraft:common/animals/cat_siamese",
        "processors": {
          "processors": []
        },
        "projection": "rigid"
      },
      "weight": 1
    },
    {
      "element": {
        "element_type": "minecraft:legacy_single_pool_element",
        "location": "minecraft:common/animals/cat_tabby",
        "processors": {
          "processors": []
        },
        "projection": "rigid"
      },
      "weight": 1
    },
    {
      "element": {
        "element_type": "minecraft:legacy_single_pool_element",
        "location": "minecraft:common/animals/cat_white",
        "processors": {
          "processors": []
        },
        "projection": "rigid"
      },
      "weight": 1
    },
    {
      "element": {
        "element_type": "minecraft:legacy_single_pool_element",
        "location": "minecraft:common/animals/cat_jellie",
        "processors": {
          "processors": []
        },
        "projection": "rigid"
      },
      "weight": 1
    },
    {
      "element": {
        "element_type": "minecraft:empty_pool_element"
      },
      "weight": 3
    }
  ],
  "fallback": "minecraft:desert/midori__/entity/cats"
}