{
  "elements": [
    {
      "element": {
        "element_type": "legacy_single_pool_element",
        "location": "desert/midori__/entity/decor_g_stoila_1/camel_1",
        "processors": "empty",
        "projection": "rigid"
      },
      "weight": 3
    },
    {
      "element": {
        "element_type": "legacy_single_pool_element",
        "location": "desert/midori__/entity/decor_g_stoila_1/donkey_1",
        "processors": "empty",
        "projection": "rigid"
      },
      "weight": 2
    },
    {
      "element": {
        "element_type": "legacy_single_pool_element",
        "location": "desert/midori__/entity/decor_g_stoila_1/pig_1",
        "processors": "empty",
        "projection": "rigid"
      },
      "weight": 1
    },
    {
      "element": {
        "element_type": "empty_pool_element"
      },
      "weight": 3

    }
  ],
  "fallback": "desert/midori__/entity/decor_g_stoila_1"
}